,0
0,staff1@rockborne.com&staff4@harman.com
1,staff14@rockborne.com&staff9@harman.com
2,staff39@rockborne.com&staff44@harman.com
3,staff2@rockborne.com&staff5@harman.com
4,staff15@rockborne.com&staff10@harman.com
5,staff20@rockborne.com&staff41@harman.com
6,staff27@rockborne.com&staff46@harman.com
7,staff29@rockborne.com&staff57@harman.com
8,staff3@rockborne.com&staff6@harman.com
9,staff25@rockborne.com&staff11@harman.com
10,staff36@rockborne.com&staff13@harman.com
11,staff8@rockborne.com&staff7@harman.com
12,staff28@rockborne.com&staff12@harman.com
13,staff31@rockborne.com&staff18@harman.com
14,staff35@rockborne.com&staff19@harman.com
15,staff38@rockborne.com&staff42@harman.com
16,staff52@rockborne.com&staff43@harman.com
17,staff49@rockborne.com&staff50@harman.com
18,staff37@rockborne.com&staff16@harman.com
19,staff56@rockborne.com&staff17@harman.com
20,staff58@rockborne.com&staff22@harman.com
21,staff30@harman.com&staff34@harman.com
22,staff40@harman.com&staff45@harman.com
23,staff21@harman.com&staff23@harman.com
24,staff24@harman.com&staff26@harman.com
25,staff32@harman.com&staff33@harman.com
26,staff47@harman.com&staff53@harman.com
27,staff54@harman.com&staff55@harman.com
28,staff48@harman.com&staff59@harman.com
